,fasta_id,smiles,pred_log10[kcat(s^-1)],pred_log10[Km(mM)],pred_log10[kcat/Km(s^-1mM^-1)]
0,Q6WZB0_wild,C(CC(C(=O)O)N)CN=C(N)N,0.4788236618041992,0.08610320836305618,0.442021906375885
1,Q6WZB0_wild,C(CON=C(N)N)C(C(=O)O)N,0.1940673291683197,0.3737526535987854,0.3987674117088318
2,Q6WZB0_wild,C(CCN=C(N)N)CC(C(=O)O)N,0.15249037742614746,-0.14723899960517883,0.4684716761112213
3,B2MWN0_wild,C(C(C(=O)O)N)S,0.8275995254516602,-0.43309664726257324,0.8983969688415527
4,C5AQP6_wild,C(C(C(=O)O)N)S,0.3919751048088074,-0.10649045556783676,0.4986432194709778
